Rating,sentiment,sentiment_score
5,NEGATIVE,0.9823258519172668
2,POSITIVE,0.939809262752533
1,NEGATIVE,0.9873027801513672
1,NEGATIVE,0.9968981742858887
1,NEGATIVE,0.9993736147880554
1,NEGATIVE,0.9977964162826538
5,POSITIVE,0.9930403232574463
5,POSITIVE,0.9785603880882263
1,NEGATIVE,0.9710573554039001
1,POSITIVE,0.9991247057914734
1,NEGATIVE,0.997593343257904
5,POSITIVE,0.9978393316268921
5,POSITIVE,0.9998107552528381
1,NEGATIVE,0.9973681569099426
5,NEGATIVE,0.9690775871276855
1,NEGATIVE,0.9994907379150391
2,NEGATIVE,0.9988142251968384
5,POSITIVE,0.9998642206192017
1,NEGATIVE,0.9993934631347656
1,NEGATIVE,0.9977929592132568
1,NEGATIVE,0.9992990493774414
1,NEGATIVE,0.9997596144676208
5,POSITIVE,0.9976194500923157
1,NEGATIVE,0.9984796643257141
3,NEGATIVE,0.9787080883979797
1,NEGATIVE,0.952403724193573
1,NEGATIVE,0.9997296929359436
1,NEGATIVE,0.9997093081474304
1,NEGATIVE,0.9997171759605408
5,POSITIVE,0.6712814569473267
1,NEGATIVE,0.9964399933815002
1,NEGATIVE,0.9994854927062988
1,NEGATIVE,0.9963769316673279
5,POSITIVE,0.9749000072479248
1,NEGATIVE,0.9990614056587219
1,NEGATIVE,0.9993274211883545
1,NEGATIVE,0.9484355449676514
5,POSITIVE,0.9967095851898193
1,NEGATIVE,0.9927312731742859
1,NEGATIVE,0.9992577433586121
1,NEGATIVE,0.9988467693328857
2,NEGATIVE,0.991233766078949
1,NEGATIVE,0.9852755069732666
1,NEGATIVE,0.9990193843841553
1,NEGATIVE,0.9849658012390137
1,NEGATIVE,0.9952540397644043
5,POSITIVE,0.9947096109390259
1,POSITIVE,0.8286347985267639
1,NEGATIVE,0.9997450709342957
1,NEGATIVE,0.9966114163398743
1,POSITIVE,0.963668942451477
1,NEGATIVE,0.9995293617248535
1,NEGATIVE,0.9987932443618774
1,NEGATIVE,0.9984789490699768
1,NEGATIVE,0.8548233509063721
1,NEGATIVE,0.9950510859489441
5,POSITIVE,0.9997814297676086
1,NEGATIVE,0.9998041987419128
5,POSITIVE,0.9996507167816162
1,NEGATIVE,0.9997711777687073
1,NEGATIVE,0.99906986951828
5,POSITIVE,0.9909648895263672
1,NEGATIVE,0.993209183216095
1,POSITIVE,0.8532127141952515
1,NEGATIVE,0.9919666647911072
5,POSITIVE,0.9849315881729126
1,POSITIVE,0.5200247764587402
1,POSITIVE,0.7477266788482666
5,NEGATIVE,0.7317628264427185
1,NEGATIVE,0.9707051515579224
1,NEGATIVE,0.9989020824432373
2,NEGATIVE,0.9997697472572327
1,NEGATIVE,0.998665452003479
5,POSITIVE,0.9973313808441162
5,POSITIVE,0.9773848652839661
1,NEGATIVE,0.9649695754051208
1,NEGATIVE,0.9995809197425842
1,NEGATIVE,0.9994159936904907
5,POSITIVE,0.9995380640029907
5,POSITIVE,0.9961642026901245
1,NEGATIVE,0.9971141815185547
5,POSITIVE,0.9996079802513123
5,NEGATIVE,0.7287787199020386
1,NEGATIVE,0.9996837377548218
3,POSITIVE,0.9989404082298279
4,NEGATIVE,0.9881902933120728
1,NEGATIVE,0.9992145299911499
1,POSITIVE,0.9728749990463257
1,NEGATIVE,0.9967883825302124
3,NEGATIVE,0.9943512678146362
1,NEGATIVE,0.99744713306427
1,NEGATIVE,0.9780738949775696
1,NEGATIVE,0.9881129860877991
1,NEGATIVE,0.9903533458709717
2,NEGATIVE,0.786591649055481
4,NEGATIVE,0.5781483054161072
1,NEGATIVE,0.9993751645088196
5,POSITIVE,0.9998661279678345
1,NEGATIVE,0.9962719678878784
4,POSITIVE,0.9998478889465332
1,NEGATIVE,0.997995138168335
1,NEGATIVE,0.9865491986274719
5,NEGATIVE,0.9518940448760986
3,NEGATIVE,0.9996505975723267
5,POSITIVE,0.9998351335525513
5,POSITIVE,0.9992908239364624
1,NEGATIVE,0.5205497145652771
5,POSITIVE,0.9995875954627991
5,NEGATIVE,0.9886179566383362
5,POSITIVE,0.9990205764770508
5,NEGATIVE,0.9989023208618164
1,NEGATIVE,0.7783828377723694
1,NEGATIVE,0.9952749013900757
1,NEGATIVE,0.9988439083099365
1,POSITIVE,0.9608166813850403
5,POSITIVE,0.9998400211334229
1,NEGATIVE,0.9975427389144897
2,NEGATIVE,0.9975161552429199
1,NEGATIVE,0.9996660947799683
1,NEGATIVE,0.9756052494049072
5,POSITIVE,0.9997518658638
5,NEGATIVE,0.9249628186225891
1,NEGATIVE,0.9842380881309509
5,POSITIVE,0.9995710253715515
2,NEGATIVE,0.9986684322357178
1,NEGATIVE,0.9997873902320862
1,NEGATIVE,0.9997004270553589
1,NEGATIVE,0.9997654557228088
5,NEGATIVE,0.8344255089759827
1,NEGATIVE,0.9973771572113037
2,NEGATIVE,0.9994669556617737
5,POSITIVE,0.9990265369415283
1,NEGATIVE,0.9984531402587891
1,NEGATIVE,0.9915106892585754
5,POSITIVE,0.9998528957366943
1,POSITIVE,0.948393702507019
5,POSITIVE,0.983223557472229
2,POSITIVE,0.9998780488967896
3,POSITIVE,0.9994871616363525
1,NEGATIVE,0.9995751976966858
1,NEGATIVE,0.9606754183769226
1,NEGATIVE,0.988471269607544
5,POSITIVE,0.999797523021698
5,POSITIVE,0.9939175248146057
1,NEGATIVE,0.9971451163291931
5,POSITIVE,0.9985575079917908
2,NEGATIVE,0.9996640682220459
1,NEGATIVE,0.9988885521888733
1,NEGATIVE,0.9996308088302612
5,POSITIVE,0.8385502099990845
1,POSITIVE,0.9965178966522217
4,POSITIVE,0.9997887015342712
4,POSITIVE,0.9820072054862976
5,POSITIVE,0.9938511848449707
1,POSITIVE,0.9879218935966492
1,NEGATIVE,0.9951636791229248
1,NEGATIVE,0.9925923347473145
1,NEGATIVE,0.9968302845954895
1,NEGATIVE,0.9997768998146057
1,NEGATIVE,0.9994775652885437
5,NEGATIVE,0.9566787481307983
4,POSITIVE,0.8980412483215332
1,POSITIVE,0.9998041987419128
1,NEGATIVE,0.9995287656784058
1,NEGATIVE,0.999275267124176
2,NEGATIVE,0.9979466795921326
1,NEGATIVE,0.9992266893386841
5,NEGATIVE,0.9991363883018494
5,POSITIVE,0.9998666048049927
2,NEGATIVE,0.7607106566429138
1,NEGATIVE,0.887407124042511
3,NEGATIVE,0.8674759864807129
1,NEGATIVE,0.997892439365387
5,POSITIVE,0.9986977577209473
4,NEGATIVE,0.9981709718704224
5,POSITIVE,0.9986860156059265
1,NEGATIVE,0.9973746538162231
4,NEGATIVE,0.9994484782218933
1,NEGATIVE,0.7645779252052307
5,POSITIVE,0.9927351474761963
1,POSITIVE,0.983609676361084
1,NEGATIVE,0.9706084728240967
1,NEGATIVE,0.998016357421875
1,NEGATIVE,0.9991342425346375
5,POSITIVE,0.9983404874801636
4,POSITIVE,0.9998366832733154
2,POSITIVE,0.9997993111610413
1,NEGATIVE,0.9993127584457397
4,POSITIVE,0.9925671815872192
1,NEGATIVE,0.9968204498291016
1,NEGATIVE,0.9969373941421509
5,POSITIVE,0.9995152950286865
1,NEGATIVE,0.9647281169891357
5,NEGATIVE,0.9570035338401794
1,NEGATIVE,0.9997574687004089
5,POSITIVE,0.9975858926773071
5,POSITIVE,0.9990918636322021
5,NEGATIVE,0.9985950589179993
2,NEGATIVE,0.9841099977493286
1,NEGATIVE,0.9959248304367065
5,POSITIVE,0.9998350143432617
5,POSITIVE,0.9496493935585022
1,NEGATIVE,0.9993153810501099
5,NEGATIVE,0.9971368312835693
5,NEGATIVE,0.9977529644966125
1,NEGATIVE,0.9943910241127014
5,NEGATIVE,0.9995850920677185
1,POSITIVE,0.891729474067688
1,NEGATIVE,0.9969862103462219
1,NEGATIVE,0.999796450138092
1,NEGATIVE,0.9993305206298828
1,NEGATIVE,0.9997926354408264
1,NEGATIVE,0.9981581568717957
5,NEGATIVE,0.9993622899055481
5,POSITIVE,0.9995157718658447
1,NEGATIVE,0.999219536781311
2,NEGATIVE,0.9926841855049133
5,POSITIVE,0.9998407363891602
5,POSITIVE,0.636935830116272
1,NEGATIVE,0.9987626075744629
5,POSITIVE,0.9998779296875
5,NEGATIVE,0.8535206317901611
2,NEGATIVE,0.998741090297699
1,NEGATIVE,0.9869958758354187
5,POSITIVE,0.9997406601905823
5,POSITIVE,0.8257128000259399
1,NEGATIVE,0.9837745428085327
2,NEGATIVE,0.9962295889854431
3,NEGATIVE,0.9960964322090149
1,NEGATIVE,0.9994065761566162
1,POSITIVE,0.8891319632530212
3,NEGATIVE,0.9997617602348328
3,NEGATIVE,0.9783737659454346
5,POSITIVE,0.9996471405029297
1,POSITIVE,0.9998387098312378
5,NEGATIVE,0.9952917098999023
5,POSITIVE,0.9998760223388672
5,POSITIVE,0.9578110575675964
1,POSITIVE,0.9902867078781128
5,POSITIVE,0.9994513392448425
4,POSITIVE,0.998875081539154
1,NEGATIVE,0.9977735877037048
1,NEGATIVE,0.9995728135108948
2,POSITIVE,0.9988290667533875
1,NEGATIVE,0.9957156777381897
5,POSITIVE,0.9998606443405151
1,NEGATIVE,0.9916816353797913
5,POSITIVE,0.9998551607131958
1,NEGATIVE,0.9985288381576538
1,NEGATIVE,0.984789252281189
1,NEGATIVE,0.9997485280036926
5,POSITIVE,0.9996176958084106
4,POSITIVE,0.9998564720153809
1,NEGATIVE,0.9606348276138306
1,NEGATIVE,0.9995002746582031
1,NEGATIVE,0.8469774723052979
2,NEGATIVE,0.9929153919219971
1,NEGATIVE,0.9985284805297852
1,NEGATIVE,0.9993898868560791
1,NEGATIVE,0.998664379119873
1,NEGATIVE,0.9992488026618958
1,NEGATIVE,0.9985995888710022
4,POSITIVE,0.9998186230659485
1,NEGATIVE,0.999768078327179
5,POSITIVE,0.9991862177848816
1,NEGATIVE,0.8195791244506836
1,POSITIVE,0.9996325969696045
1,NEGATIVE,0.9995982050895691
5,POSITIVE,0.9881546497344971
1,NEGATIVE,0.9982043504714966
1,NEGATIVE,0.9950097799301147
1,NEGATIVE,0.5812919735908508
4,NEGATIVE,0.9932116270065308
1,NEGATIVE,0.9994831085205078
5,POSITIVE,0.9996442794799805
5,POSITIVE,0.999349057674408
4,POSITIVE,0.999739944934845
1,NEGATIVE,0.9796767830848694
4,NEGATIVE,0.9955624341964722
5,POSITIVE,0.9976418018341064
1,NEGATIVE,0.9974192380905151
1,NEGATIVE,0.9886687397956848
5,POSITIVE,0.999859094619751
2,NEGATIVE,0.9988719820976257
1,NEGATIVE,0.999784529209137
5,POSITIVE,0.9998700618743896
5,POSITIVE,0.9996588230133057
1,NEGATIVE,0.9996663331985474
2,NEGATIVE,0.8982871770858765
5,POSITIVE,0.9995284080505371
2,POSITIVE,0.9723538160324097
5,POSITIVE,0.9997904896736145
1,NEGATIVE,0.9982600808143616
1,NEGATIVE,0.9992693066596985
1,NEGATIVE,0.9954606890678406
1,NEGATIVE,0.9941051006317139
1,NEGATIVE,0.9989299178123474
5,POSITIVE,0.9998314380645752
5,POSITIVE,0.9974398612976074
1,NEGATIVE,0.9660635590553284
1,NEGATIVE,0.9992825388908386
5,POSITIVE,0.9998854398727417
5,POSITIVE,0.9998196959495544
1,NEGATIVE,0.9858049750328064
1,NEGATIVE,0.9987697005271912
1,NEGATIVE,0.9995856881141663
5,POSITIVE,0.9998378753662109
1,NEGATIVE,0.9932964444160461
5,POSITIVE,0.9975473284721375
1,NEGATIVE,0.9970735311508179
4,POSITIVE,0.9881240725517273
1,NEGATIVE,0.9891047477722168
1,NEGATIVE,0.9968596696853638
5,POSITIVE,0.9874144196510315
1,NEGATIVE,0.9995444416999817
5,POSITIVE,0.9994540810585022
1,NEGATIVE,0.9955647587776184
5,POSITIVE,0.998181939125061
3,NEGATIVE,0.9932743310928345
1,NEGATIVE,0.9997958540916443
5,POSITIVE,0.9997633099555969
1,NEGATIVE,0.9974915981292725
1,NEGATIVE,0.9963067770004272
5,POSITIVE,0.9998679161071777
5,POSITIVE,0.9998663663864136
5,POSITIVE,0.9998477697372437
5,POSITIVE,0.999859094619751
1,NEGATIVE,0.9965656399726868
1,NEGATIVE,0.9994055032730103
1,NEGATIVE,0.985458254814148
1,NEGATIVE,0.9997887015342712
5,POSITIVE,0.999830961227417
1,NEGATIVE,0.9993155002593994
1,NEGATIVE,0.996131181716919
4,POSITIVE,0.999782383441925
1,NEGATIVE,0.9986384510993958
1,POSITIVE,0.9542596340179443
1,NEGATIVE,0.9990118741989136
1,NEGATIVE,0.9967695474624634
1,NEGATIVE,0.9922500848770142
1,NEGATIVE,0.9997531771659851
1,POSITIVE,0.9966073036193848
1,NEGATIVE,0.9895199537277222
1,NEGATIVE,0.9997767806053162
4,POSITIVE,0.9982253909111023
1,NEGATIVE,0.9157502055168152
5,POSITIVE,0.9986734390258789
5,POSITIVE,0.9782993793487549
2,NEGATIVE,0.9997521042823792
1,NEGATIVE,0.9996829032897949
1,NEGATIVE,0.9941018223762512
5,POSITIVE,0.9998264908790588
1,NEGATIVE,0.9991175532341003
5,POSITIVE,0.9998612403869629
5,POSITIVE,0.9958850741386414
1,NEGATIVE,0.9997439980506897
1,NEGATIVE,0.9482998251914978
1,NEGATIVE,0.9996011853218079
5,NEGATIVE,0.970298171043396
1,NEGATIVE,0.9667288661003113
1,NEGATIVE,0.9995315074920654
5,NEGATIVE,0.9833043813705444
1,NEGATIVE,0.9791086316108704
1,NEGATIVE,0.998200535774231
1,NEGATIVE,0.990478515625
5,POSITIVE,0.9994729161262512
1,NEGATIVE,0.999687910079956
1,NEGATIVE,0.8624245524406433
5,NEGATIVE,0.9783922433853149
5,POSITIVE,0.9992294311523438
5,POSITIVE,0.9998540878295898
1,NEGATIVE,0.9891124367713928
5,POSITIVE,0.9998371601104736
1,NEGATIVE,0.9890740513801575
1,NEGATIVE,0.9997294545173645
1,NEGATIVE,0.9989877343177795
1,POSITIVE,0.9686746597290039
5,POSITIVE,0.9978067278862
2,NEGATIVE,0.9970026612281799
2,NEGATIVE,0.9996671676635742
1,NEGATIVE,0.9995837807655334
5,POSITIVE,0.9445374608039856
5,POSITIVE,0.9997103810310364
5,NEGATIVE,0.6450907588005066
1,NEGATIVE,0.9972698092460632
1,NEGATIVE,0.9419685006141663
2,NEGATIVE,0.9962671399116516
4,POSITIVE,0.9972215890884399
1,NEGATIVE,0.9996509552001953
1,NEGATIVE,0.9819029569625854
4,NEGATIVE,0.9991579055786133
3,POSITIVE,0.7659254670143127
1,NEGATIVE,0.9993313550949097
5,NEGATIVE,0.5403381586074829
1,NEGATIVE,0.9923689365386963
5,POSITIVE,0.9996790885925293
1,NEGATIVE,0.9421107769012451
1,NEGATIVE,0.9970657229423523
1,NEGATIVE,0.9938490986824036
1,NEGATIVE,0.9996205568313599
1,POSITIVE,0.9792633652687073
1,NEGATIVE,0.8609001636505127
1,NEGATIVE,0.9971848130226135
1,NEGATIVE,0.9982648491859436
1,NEGATIVE,0.9995917677879333
5,POSITIVE,0.9853752851486206
3,NEGATIVE,0.9996945858001709
5,POSITIVE,0.9995662569999695
5,POSITIVE,0.9997459053993225
5,POSITIVE,0.9986287355422974
1,NEGATIVE,0.9992566704750061
3,NEGATIVE,0.9986559152603149
1,NEGATIVE,0.99817955493927
1,POSITIVE,0.9990890026092529
5,POSITIVE,0.9960665106773376
5,POSITIVE,0.9987155199050903
5,POSITIVE,0.9916713237762451
1,NEGATIVE,0.989987313747406
1,NEGATIVE,0.9946303367614746
5,POSITIVE,0.998417854309082
5,POSITIVE,0.9997220635414124
1,NEGATIVE,0.9997336268424988
1,NEGATIVE,0.995914876461029
1,NEGATIVE,0.9982762336730957
1,NEGATIVE,0.9836719632148743
1,NEGATIVE,0.9997017979621887
5,POSITIVE,0.9957518577575684
5,NEGATIVE,0.9918206930160522
1,NEGATIVE,0.9997926354408264
2,NEGATIVE,0.9967333078384399
5,NEGATIVE,0.7110009789466858
5,POSITIVE,0.998357355594635
5,POSITIVE,0.9998682737350464
1,NEGATIVE,0.9996176958084106
5,POSITIVE,0.9998624324798584
5,POSITIVE,0.9988507032394409
1,NEGATIVE,0.9921905398368835
1,NEGATIVE,0.9997841715812683
1,NEGATIVE,0.9998015761375427
5,NEGATIVE,0.9892465472221375
5,NEGATIVE,0.9988504648208618
1,NEGATIVE,0.9826589822769165
1,NEGATIVE,0.9983574748039246
4,POSITIVE,0.918708086013794
1,NEGATIVE,0.94890296459198
1,NEGATIVE,0.9991455078125
2,NEGATIVE,0.9959532022476196
1,NEGATIVE,0.9970058798789978
4,POSITIVE,0.998446524143219
1,POSITIVE,0.5812616944313049
5,POSITIVE,0.9996886253356934
1,POSITIVE,0.9446566700935364
1,NEGATIVE,0.9896977543830872
1,NEGATIVE,0.9997623562812805
4,POSITIVE,0.9961524605751038
5,POSITIVE,0.9998365640640259
4,POSITIVE,0.9944841265678406
1,NEGATIVE,0.9918320775032043
1,NEGATIVE,0.9987742304801941
1,NEGATIVE,0.9910666346549988
1,NEGATIVE,0.9927460551261902
1,NEGATIVE,0.9857930541038513
1,NEGATIVE,0.9996819496154785
5,POSITIVE,0.9996613264083862
1,NEGATIVE,0.9995279312133789
5,NEGATIVE,0.9902452230453491
1,NEGATIVE,0.9998013377189636
1,NEGATIVE,0.9077051281929016
5,POSITIVE,0.9998835325241089
4,NEGATIVE,0.9844620227813721
1,NEGATIVE,0.9986796975135803
1,NEGATIVE,0.8741985559463501
1,NEGATIVE,0.9956088662147522
1,NEGATIVE,0.9975057244300842
1,NEGATIVE,0.9862189888954163
5,POSITIVE,0.9995490908622742
5,POSITIVE,0.9909772872924805
1,NEGATIVE,0.9982649683952332
1,NEGATIVE,0.9981105327606201
1,NEGATIVE,0.97571861743927
1,NEGATIVE,0.9985566735267639
5,POSITIVE,0.9996163845062256
1,NEGATIVE,0.9654368162155151
1,NEGATIVE,0.9994526505470276
1,NEGATIVE,0.9987500905990601
4,NEGATIVE,0.9996856451034546
5,POSITIVE,0.9998252987861633
5,POSITIVE,0.992712676525116
1,NEGATIVE,0.9777936339378357
1,NEGATIVE,0.996792733669281
5,POSITIVE,0.9937533736228943
5,POSITIVE,0.9997698664665222
5,POSITIVE,0.9998600482940674
1,NEGATIVE,0.9995673298835754
1,NEGATIVE,0.9911106824874878
1,NEGATIVE,0.9995150566101074
5,POSITIVE,0.9998457431793213
1,NEGATIVE,0.9990099668502808
2,NEGATIVE,0.9935224652290344
1,POSITIVE,0.9853237867355347
5,POSITIVE,0.999847412109375
5,POSITIVE,0.9997518658638
1,NEGATIVE,0.9950396418571472
1,NEGATIVE,0.9975334405899048
2,NEGATIVE,0.9752690196037292
4,NEGATIVE,0.9990695118904114
5,POSITIVE,0.9998795986175537
3,NEGATIVE,0.9997302889823914
1,NEGATIVE,0.9996028542518616
5,POSITIVE,0.9994367957115173
1,NEGATIVE,0.9961905479431152
4,NEGATIVE,0.9974555373191833
2,NEGATIVE,0.9994452595710754
1,POSITIVE,0.5331082940101624
1,NEGATIVE,0.9986013770103455
1,NEGATIVE,0.980886697769165
1,NEGATIVE,0.9988551139831543
5,POSITIVE,0.9997288584709167
4,POSITIVE,0.8635309338569641
1,NEGATIVE,0.9982866644859314
5,POSITIVE,0.9998528957366943
5,POSITIVE,0.9989098310470581
1,NEGATIVE,0.9976499676704407
4,POSITIVE,0.9927927255630493
5,POSITIVE,0.9718759059906006
1,NEGATIVE,0.997718870639801
5,POSITIVE,0.9997683167457581
4,NEGATIVE,0.9940794706344604
4,POSITIVE,0.9935610294342041
5,POSITIVE,0.9996544122695923
1,NEGATIVE,0.9994795918464661
5,NEGATIVE,0.9987738728523254
5,POSITIVE,0.9918388724327087
5,POSITIVE,0.9661722779273987
5,POSITIVE,0.9998608827590942
1,NEGATIVE,0.8332872986793518
5,POSITIVE,0.999872088432312
5,POSITIVE,0.8475837111473083
5,POSITIVE,0.9998596906661987
1,NEGATIVE,0.9986284971237183
1,NEGATIVE,0.9981511235237122
5,POSITIVE,0.9996263980865479
5,POSITIVE,0.9900984168052673
5,POSITIVE,0.9998687505722046
5,POSITIVE,0.9993220567703247
1,NEGATIVE,0.9991305470466614
2,NEGATIVE,0.9997835755348206
1,NEGATIVE,0.9990699887275696
4,POSITIVE,0.9993765950202942
3,POSITIVE,0.9977418184280396
3,NEGATIVE,0.9923803806304932
5,POSITIVE,0.9442232847213745
1,NEGATIVE,0.9996410608291626
1,POSITIVE,0.9998356103897095
1,NEGATIVE,0.9992502331733704
5,POSITIVE,0.9997010827064514
5,POSITIVE,0.998916506767273
1,NEGATIVE,0.9997285008430481
5,POSITIVE,0.9992431402206421
1,NEGATIVE,0.9951409101486206
1,NEGATIVE,0.9759865403175354
5,POSITIVE,0.9998711347579956
1,NEGATIVE,0.997414231300354
1,NEGATIVE,0.9879310131072998
5,POSITIVE,0.9998239874839783
5,POSITIVE,0.9998730421066284
5,POSITIVE,0.9998737573623657
5,POSITIVE,0.9998775720596313
5,POSITIVE,0.9988184571266174
5,POSITIVE,0.9998798370361328
1,NEGATIVE,0.569250226020813
5,POSITIVE,0.9998117089271545
5,POSITIVE,0.9995564818382263
1,NEGATIVE,0.999758780002594
1,NEGATIVE,0.9996840953826904
1,NEGATIVE,0.9815452694892883
5,POSITIVE,0.7919674515724182
5,NEGATIVE,0.7448447346687317
1,NEGATIVE,0.9940420985221863
1,NEGATIVE,0.9994409680366516
1,NEGATIVE,0.9964264035224915
5,POSITIVE,0.9998761415481567
1,NEGATIVE,0.9996911287307739
1,NEGATIVE,0.9997442364692688
5,POSITIVE,0.999298095703125
1,POSITIVE,0.5585860013961792
5,POSITIVE,0.9993240833282471
1,NEGATIVE,0.9943669438362122
3,NEGATIVE,0.9989789724349976
1,NEGATIVE,0.8684300780296326
3,POSITIVE,0.9965991377830505
5,POSITIVE,0.9992233514785767
5,POSITIVE,0.9997346997261047
1,NEGATIVE,0.9996600151062012
1,NEGATIVE,0.9986857771873474
5,POSITIVE,0.9998496770858765
5,POSITIVE,0.9997214674949646
1,NEGATIVE,0.9882460236549377
1,NEGATIVE,0.9993288516998291
5,POSITIVE,0.9986295700073242
5,POSITIVE,0.9989803433418274
1,NEGATIVE,0.99905925989151
3,NEGATIVE,0.9986348748207092
1,NEGATIVE,0.99820876121521
5,POSITIVE,0.998798131942749
2,NEGATIVE,0.988205075263977
4,POSITIVE,0.9998608827590942
1,NEGATIVE,0.9991970658302307
5,POSITIVE,0.9972430467605591
5,POSITIVE,0.9978888630867004
3,POSITIVE,0.9998337030410767
1,NEGATIVE,0.9992082715034485
5,POSITIVE,0.9997804760932922
5,POSITIVE,0.9993464350700378
1,NEGATIVE,0.9757657051086426
1,NEGATIVE,0.9993497729301453
1,NEGATIVE,0.9992212057113647
1,NEGATIVE,0.9996426105499268
5,POSITIVE,0.9996132254600525
5,NEGATIVE,0.8079909682273865
1,POSITIVE,0.9992579817771912
5,POSITIVE,0.8579907417297363
5,POSITIVE,0.9995390176773071
5,NEGATIVE,0.999674916267395
1,NEGATIVE,0.9997954964637756
5,POSITIVE,0.9993367791175842
1,NEGATIVE,0.9997468590736389
1,NEGATIVE,0.9994351267814636
1,NEGATIVE,0.9995864033699036
1,NEGATIVE,0.8966213464736938
1,NEGATIVE,0.9891343712806702
1,NEGATIVE,0.9974545836448669
1,NEGATIVE,0.999250590801239
5,POSITIVE,0.6951766610145569
1,NEGATIVE,0.9991742968559265
5,POSITIVE,0.9988755583763123
1,POSITIVE,0.9941839575767517
4,POSITIVE,0.9996142387390137
1,NEGATIVE,0.9544343948364258
5,POSITIVE,0.999882698059082
2,POSITIVE,0.917709469795227
1,NEGATIVE,0.9932842254638672
5,POSITIVE,0.9975969195365906
1,NEGATIVE,0.9991057515144348
1,NEGATIVE,0.9579322338104248
1,NEGATIVE,0.8268520832061768
1,NEGATIVE,0.9970501661300659
1,NEGATIVE,0.9650740623474121
1,NEGATIVE,0.9997962117195129
1,POSITIVE,0.5642528533935547
1,NEGATIVE,0.9724283218383789
1,NEGATIVE,0.9994426369667053
1,POSITIVE,0.9247381091117859
1,NEGATIVE,0.9841497540473938
1,NEGATIVE,0.9997319579124451
1,POSITIVE,0.9783303141593933
5,POSITIVE,0.9989332556724548
1,NEGATIVE,0.9973493814468384
1,NEGATIVE,0.9859063625335693
5,POSITIVE,0.9992345571517944
1,NEGATIVE,0.9988576173782349
1,POSITIVE,0.9954564571380615
1,NEGATIVE,0.999724805355072
1,NEGATIVE,0.9972831010818481
5,POSITIVE,0.9998716115951538
1,NEGATIVE,0.9997853636741638
1,NEGATIVE,0.9864800572395325
3,POSITIVE,0.999876856803894
1,NEGATIVE,0.9941228032112122
1,POSITIVE,0.5473539233207703
1,NEGATIVE,0.9995785355567932
1,NEGATIVE,0.9979793429374695
2,NEGATIVE,0.9757433533668518
4,POSITIVE,0.9997039437294006
4,POSITIVE,0.9997642636299133
3,POSITIVE,0.9987945556640625
1,POSITIVE,0.9960190653800964
2,NEGATIVE,0.9997962117195129
1,NEGATIVE,0.9990070462226868
5,POSITIVE,0.9995253086090088
5,POSITIVE,0.9998125433921814
5,POSITIVE,0.9998506307601929
5,POSITIVE,0.9995357990264893
5,POSITIVE,0.9995470643043518
1,NEGATIVE,0.96427983045578
1,NEGATIVE,0.9993122816085815
2,NEGATIVE,0.9996703863143921
1,NEGATIVE,0.99843829870224
1,POSITIVE,0.964245080947876
1,NEGATIVE,0.9957985281944275
4,NEGATIVE,0.9977182149887085
5,POSITIVE,0.9676543474197388
2,NEGATIVE,0.9995812773704529
5,POSITIVE,0.9998539686203003
1,NEGATIVE,0.9987626075744629
4,NEGATIVE,0.9987892508506775
5,POSITIVE,0.9849100708961487
5,POSITIVE,0.9998728036880493
1,NEGATIVE,0.9986263513565063
1,NEGATIVE,0.9995668530464172
5,POSITIVE,0.9998761415481567
5,POSITIVE,0.9997989535331726
5,POSITIVE,0.9993694424629211
5,POSITIVE,0.9996988773345947
5,POSITIVE,0.9974570870399475
5,POSITIVE,0.9997633099555969
5,POSITIVE,0.9924746155738831
1,NEGATIVE,0.9991546869277954
1,NEGATIVE,0.9949547648429871
5,POSITIVE,0.9816073179244995
1,NEGATIVE,0.9771684408187866
5,NEGATIVE,0.9387840628623962
5,POSITIVE,0.9993077516555786
1,NEGATIVE,0.7190695405006409
1,NEGATIVE,0.999762237071991
1,NEGATIVE,0.9993653893470764
5,NEGATIVE,0.9948940277099609
1,NEGATIVE,0.9997106194496155
1,NEGATIVE,0.9944449067115784
4,NEGATIVE,0.9993322491645813
5,POSITIVE,0.9998537302017212
5,NEGATIVE,0.9966583251953125
2,NEGATIVE,0.9994295239448547
1,NEGATIVE,0.9943556785583496
4,POSITIVE,0.9973606467247009
5,POSITIVE,0.9971821308135986
1,NEGATIVE,0.9987208247184753
1,NEGATIVE,0.9985466599464417
1,NEGATIVE,0.9996209144592285
4,NEGATIVE,0.9632545113563538
2,NEGATIVE,0.9992006421089172
5,POSITIVE,0.7805827856063843
1,NEGATIVE,0.998391330242157
1,NEGATIVE,0.9957931041717529
1,NEGATIVE,0.9997202754020691
1,NEGATIVE,0.9958915710449219
5,POSITIVE,0.9889751672744751
5,POSITIVE,0.9992314577102661
1,NEGATIVE,0.9998016953468323
4,POSITIVE,0.9940259456634521
5,POSITIVE,0.9998165965080261
5,POSITIVE,0.9867386817932129
5,POSITIVE,0.9311485886573792
5,POSITIVE,0.990928590297699
4,POSITIVE,0.9991890788078308
4,NEGATIVE,0.993198812007904
1,NEGATIVE,0.9998063445091248
5,NEGATIVE,0.9318352341651917
1,NEGATIVE,0.9992145299911499
1,NEGATIVE,0.9993822574615479
5,POSITIVE,0.9972304701805115
5,POSITIVE,0.9998307228088379
5,POSITIVE,0.9980685114860535
1,NEGATIVE,0.7568840384483337
3,NEGATIVE,0.9985318183898926
4,POSITIVE,0.9997850060462952
1,NEGATIVE,0.9965618252754211
5,NEGATIVE,0.9964630007743835
1,NEGATIVE,0.999160885810852
1,NEGATIVE,0.9997488856315613
1,NEGATIVE,0.9984211921691895
1,POSITIVE,0.9284773468971252
1,NEGATIVE,0.9991357922554016
5,POSITIVE,0.9997243285179138
1,POSITIVE,0.7140448689460754
5,POSITIVE,0.999847412109375
5,POSITIVE,0.999174177646637
1,NEGATIVE,0.9995447993278503
5,POSITIVE,0.9543020725250244
1,NEGATIVE,0.7714545130729675
2,NEGATIVE,0.9987514019012451
5,POSITIVE,0.9876184463500977
1,NEGATIVE,0.999631404876709
5,POSITIVE,0.9997044205665588
4,POSITIVE,0.9998409748077393
4,NEGATIVE,0.7414653301239014
4,POSITIVE,0.9997724890708923
5,POSITIVE,0.9994066953659058
5,POSITIVE,0.9998218417167664
5,POSITIVE,0.9982033967971802
1,NEGATIVE,0.8323637247085571
1,POSITIVE,0.6376166343688965
4,POSITIVE,0.9996774196624756
5,POSITIVE,0.9997132420539856
4,POSITIVE,0.9512279033660889
5,POSITIVE,0.9844877123832703
5,POSITIVE,0.9994115829467773
1,NEGATIVE,0.997331976890564
5,POSITIVE,0.999818742275238
4,POSITIVE,0.9943581223487854
1,NEGATIVE,0.9509308338165283
5,POSITIVE,0.9998834133148193
1,NEGATIVE,0.9959607720375061
1,POSITIVE,0.9989816546440125
1,NEGATIVE,0.9996905326843262
5,POSITIVE,0.9574424624443054
5,POSITIVE,0.9996148347854614
5,POSITIVE,0.9955000281333923
1,NEGATIVE,0.9966868758201599
2,NEGATIVE,0.9903966188430786
1,NEGATIVE,0.9990642666816711
5,POSITIVE,0.9989921450614929
1,NEGATIVE,0.9989070892333984
1,NEGATIVE,0.9979327917098999
1,NEGATIVE,0.9982796907424927
1,NEGATIVE,0.9983969330787659
5,POSITIVE,0.9997053742408752
5,POSITIVE,0.999870777130127
1,NEGATIVE,0.999548614025116
1,NEGATIVE,0.9997926354408264
5,POSITIVE,0.9986715316772461
5,POSITIVE,0.9998753070831299
5,POSITIVE,0.9998486042022705
5,POSITIVE,0.9998663663864136
5,POSITIVE,0.9997863173484802
5,POSITIVE,0.9995255470275879
1,NEGATIVE,0.548967182636261
5,POSITIVE,0.9994441866874695
1,NEGATIVE,0.9991335272789001
1,NEGATIVE,0.99396151304245
1,NEGATIVE,0.986884593963623
1,NEGATIVE,0.9944306015968323
5,POSITIVE,0.9998722076416016
1,NEGATIVE,0.9997329115867615
1,NEGATIVE,0.9815769791603088
1,NEGATIVE,0.9968104958534241
5,NEGATIVE,0.9968697428703308
1,NEGATIVE,0.9792519211769104
5,NEGATIVE,0.9938311576843262
5,NEGATIVE,0.9362810254096985
1,NEGATIVE,0.9958682060241699
1,NEGATIVE,0.9997788071632385
5,POSITIVE,0.9981167316436768
5,POSITIVE,0.9997853636741638
4,POSITIVE,0.5288800597190857
5,POSITIVE,0.9996821880340576
1,NEGATIVE,0.9992406368255615
1,NEGATIVE,0.9996253252029419
3,NEGATIVE,0.9992478489875793
1,NEGATIVE,0.9990277290344238
1,NEGATIVE,0.9842373728752136
5,POSITIVE,0.9998594522476196
2,NEGATIVE,0.9994774460792542
5,NEGATIVE,0.7370695471763611
5,POSITIVE,0.9998618364334106
1,NEGATIVE,0.9806743264198303
5,POSITIVE,0.9998620748519897
1,NEGATIVE,0.9995198249816895
5,NEGATIVE,0.9975419044494629
5,POSITIVE,0.9998853206634521
4,NEGATIVE,0.9131677150726318
5,POSITIVE,0.9873663187026978
5,POSITIVE,0.9998553991317749
5,POSITIVE,0.9977854490280151
5,NEGATIVE,0.9968523383140564
5,NEGATIVE,0.9997120499610901
5,POSITIVE,0.9994825124740601
1,NEGATIVE,0.9942769408226013
3,NEGATIVE,0.9974749684333801
4,NEGATIVE,0.9998074173927307
1,NEGATIVE,0.9986716508865356
5,POSITIVE,0.999859094619751
5,POSITIVE,0.9998725652694702
4,POSITIVE,0.9901110529899597
3,NEGATIVE,0.9428676962852478
1,NEGATIVE,0.9997432827949524
5,POSITIVE,0.9992082715034485
1,NEGATIVE,0.9887601137161255
3,POSITIVE,0.9981492757797241
1,POSITIVE,0.7267924547195435
5,NEGATIVE,0.9630257487297058
5,POSITIVE,0.8946858644485474
5,POSITIVE,0.9142499566078186
4,POSITIVE,0.5005030035972595
3,POSITIVE,0.8877143859863281
5,NEGATIVE,0.9976643323898315
3,NEGATIVE,0.975315511226654
5,POSITIVE,0.871031641960144
3,NEGATIVE,0.9985982775688171
5,POSITIVE,0.7920666933059692
1,NEGATIVE,0.9997009038925171
5,POSITIVE,0.9996140599250793
5,POSITIVE,0.9998788833618164
5,POSITIVE,0.9996401071548462
1,NEGATIVE,0.9992002844810486
5,POSITIVE,0.6519758105278015
5,POSITIVE,0.999754011631012
1,NEGATIVE,0.9988920092582703
5,POSITIVE,0.9998359680175781
1,NEGATIVE,0.9992809891700745
1,NEGATIVE,0.9796353578567505
5,POSITIVE,0.999235987663269
5,NEGATIVE,0.9969903230667114
1,NEGATIVE,0.9991744160652161
1,NEGATIVE,0.9971194267272949
1,NEGATIVE,0.9843376278877258
1,NEGATIVE,0.996572732925415
4,POSITIVE,0.9920631051063538
4,POSITIVE,0.9910278916358948
1,NEGATIVE,0.9996776580810547
5,POSITIVE,0.9704465866088867
5,NEGATIVE,0.9862556457519531
5,POSITIVE,0.999293327331543
5,POSITIVE,0.9881240725517273
5,POSITIVE,0.9997979998588562
5,NEGATIVE,0.9940794706344604
1,NEGATIVE,0.9997127652168274
4,NEGATIVE,0.9984286427497864
2,NEGATIVE,0.9991840720176697
1,NEGATIVE,0.9993104934692383
1,NEGATIVE,0.9992097616195679
5,NEGATIVE,0.9913901090621948
5,NEGATIVE,0.9774765372276306
2,NEGATIVE,0.9839779734611511
5,POSITIVE,0.9892241358757019
1,NEGATIVE,0.9996986389160156
5,POSITIVE,0.9965173006057739
1,NEGATIVE,0.983870267868042
4,POSITIVE,0.9906879663467407
1,NEGATIVE,0.9993966817855835
1,NEGATIVE,0.9990573525428772
5,POSITIVE,0.9998605251312256
2,NEGATIVE,0.999734103679657
1,NEGATIVE,0.9997039437294006
1,NEGATIVE,0.9989797472953796
5,POSITIVE,0.9768721461296082
2,NEGATIVE,0.9996215105056763
5,POSITIVE,0.9998812675476074
4,POSITIVE,0.9996323585510254
5,POSITIVE,0.9992772936820984
5,POSITIVE,0.9996218681335449
4,POSITIVE,0.999066174030304
1,NEGATIVE,0.9998096823692322
5,POSITIVE,0.9998617172241211
5,POSITIVE,0.9997507929801941
5,POSITIVE,0.9998781681060791
1,NEGATIVE,0.9981599450111389
1,NEGATIVE,0.9997485280036926
5,POSITIVE,0.9983173608779907
1,NEGATIVE,0.9973132014274597
5,POSITIVE,0.9988083839416504
2,POSITIVE,0.996278703212738
1,NEGATIVE,0.9888486862182617
4,POSITIVE,0.9979402422904968
5,POSITIVE,0.9828214645385742
5,POSITIVE,0.9995067119598389
5,POSITIVE,0.9998574256896973
5,POSITIVE,0.9998592138290405
4,POSITIVE,0.9980066418647766
1,NEGATIVE,0.9998024106025696
1,NEGATIVE,0.9994383454322815
4,POSITIVE,0.9998431205749512
5,NEGATIVE,0.8933789730072021
5,POSITIVE,0.9980327486991882
5,POSITIVE,0.999862790107727
1,NEGATIVE,0.9993917942047119
5,NEGATIVE,0.9975376129150391
5,POSITIVE,0.9965316653251648
4,NEGATIVE,0.9997178912162781
5,POSITIVE,0.9997101426124573
5,POSITIVE,0.9998692274093628
5,NEGATIVE,0.8886016011238098
4,NEGATIVE,0.9904804825782776
1,NEGATIVE,0.9998013377189636
1,NEGATIVE,0.9771214127540588
1,NEGATIVE,0.9983931183815002
5,POSITIVE,0.997992992401123
1,NEGATIVE,0.9995064735412598
1,NEGATIVE,0.9993807077407837
2,NEGATIVE,0.9983780384063721
1,NEGATIVE,0.9994818568229675
1,POSITIVE,0.8482067584991455
5,POSITIVE,0.9985191226005554
1,POSITIVE,0.9982219338417053
5,NEGATIVE,0.9905005693435669
1,NEGATIVE,0.9997714161872864
1,NEGATIVE,0.9996459484100342
5,POSITIVE,0.999858021736145
1,NEGATIVE,0.998958945274353
5,POSITIVE,0.9984619617462158
1,NEGATIVE,0.9926948547363281
1,NEGATIVE,0.9964435696601868
1,NEGATIVE,0.9990799427032471
5,POSITIVE,0.9998663663864136
1,NEGATIVE,0.9997988343238831
5,POSITIVE,0.999586284160614
5,NEGATIVE,0.9838157296180725
1,NEGATIVE,0.9985217452049255
1,NEGATIVE,0.9471694231033325
1,NEGATIVE,0.996904194355011
1,NEGATIVE,0.9955737590789795
5,POSITIVE,0.9886334538459778
5,POSITIVE,0.999543309211731
1,NEGATIVE,0.9976235032081604
5,POSITIVE,0.99985671043396
4,NEGATIVE,0.9894753694534302
5,POSITIVE,0.9956320524215698
5,POSITIVE,0.7411684393882751
5,POSITIVE,0.999739944934845
5,POSITIVE,0.9956178665161133
5,POSITIVE,0.9998807907104492
5,POSITIVE,0.9890830516815186
1,NEGATIVE,0.99822598695755
5,NEGATIVE,0.9898574352264404
5,POSITIVE,0.9992864727973938
1,NEGATIVE,0.9938389658927917
5,POSITIVE,0.9998233914375305
1,NEGATIVE,0.9970046877861023
5,POSITIVE,0.9998530149459839
5,POSITIVE,0.9997040629386902
5,POSITIVE,0.9993603825569153
1,NEGATIVE,0.9990540146827698
5,POSITIVE,0.9990124702453613
5,POSITIVE,0.994239330291748
1,NEGATIVE,0.9935833811759949
5,NEGATIVE,0.8298307657241821
5,POSITIVE,0.9989234805107117
5,NEGATIVE,0.9920096397399902
2,NEGATIVE,0.9994267225265503
5,POSITIVE,0.9997860789299011
5,POSITIVE,0.9992208480834961
2,NEGATIVE,0.9977104663848877
5,POSITIVE,0.9945564270019531
1,NEGATIVE,0.99237060546875
4,NEGATIVE,0.995374858379364
5,POSITIVE,0.9998577833175659
1,POSITIVE,0.9988133907318115
5,NEGATIVE,0.9830219745635986
5,NEGATIVE,0.5681036114692688
1,NEGATIVE,0.9995265007019043
5,POSITIVE,0.9991514682769775
2,NEGATIVE,0.9997826218605042
5,POSITIVE,0.9998539686203003
5,POSITIVE,0.8596823811531067
1,NEGATIVE,0.9993651509284973
1,NEGATIVE,0.9409081339836121
4,POSITIVE,0.9995766282081604
4,NEGATIVE,0.9962514042854309
1,NEGATIVE,0.9962518811225891
1,NEGATIVE,0.9991270899772644
1,NEGATIVE,0.9980352520942688
5,POSITIVE,0.999549925327301
1,NEGATIVE,0.9951751232147217
5,NEGATIVE,0.8842000365257263
1,NEGATIVE,0.9997733235359192
1,NEGATIVE,0.9905548691749573
5,POSITIVE,0.9998323917388916
3,POSITIVE,0.9998365640640259
4,POSITIVE,0.9958481788635254
5,POSITIVE,0.9995380640029907
1,NEGATIVE,0.9989256262779236
1,POSITIVE,0.9998335838317871
1,POSITIVE,0.892534613609314
1,NEGATIVE,0.9988545179367065
1,NEGATIVE,0.9991580247879028
4,POSITIVE,0.993144154548645
2,NEGATIVE,0.9995667338371277
4,POSITIVE,0.9983888864517212
2,NEGATIVE,0.9992929697036743
5,POSITIVE,0.9998760223388672
4,POSITIVE,0.9998096823692322
1,NEGATIVE,0.996815025806427
1,NEGATIVE,0.9978200197219849
1,NEGATIVE,0.9989226460456848
1,NEGATIVE,0.9790600538253784
1,NEGATIVE,0.9780958890914917
1,NEGATIVE,0.9997826218605042
1,NEGATIVE,0.9969577789306641
1,POSITIVE,0.9953338503837585
1,NEGATIVE,0.9835678339004517
1,NEGATIVE,0.969512403011322
1,NEGATIVE,0.9081493020057678
1,NEGATIVE,0.9996980428695679
5,POSITIVE,0.9998551607131958
5,POSITIVE,0.9998518228530884
4,POSITIVE,0.9997699856758118
2,NEGATIVE,0.9936327338218689
1,NEGATIVE,0.9991682767868042
3,POSITIVE,0.98350590467453
1,NEGATIVE,0.9993401169776917
